HorasCrimen,SalarioCrimen (EN MILLONES),SalarioLegal (EN MILLONES),Arrestado,ExperienciaDelincuente,Edad
0.7,3.33,2,0,5.47,17
11.59,4.42,2,1,6.03,20
-15.54,2.02,0.2,1,1.53,2.03
10.63,5.41,2.74,1,6.59,23.18
7.89,4.93,2.38,1,6.07,20.19
8.33,4.51,2.06,0,5.58,17.54
13.83,5.44,2.77,0,6.63,23.4
9.04,4.62,2.15,0,5.71,18.26
4.09,4.31,1.92,1,5.34,16.31
11.95,5.11,2.52,0,6.27,21.33
2.47,4.06,1.73,1,5.03,14.75
8.53,4.54,2.09,0,5.62,17.74
2.68,3.66,1.43,0,4.49,12.22
9.94,5.29,2.65,1,6.46,22.41
3.31,4.19,1.83,1,5.19,15.55
-7.53,2.75,0.75,1,3.09,6.57
14.28,6.08,3.25,1,7.29,27.4
5.34,4.51,2.07,1,5.58,17.55
14.09,5.49,2.8,0,6.68,23.7
11.59,5.58,2.87,1,6.78,24.26
3.39,3.76,1.5,0,4.63,12.85
13.45,5.38,2.72,0,6.56,22.97
2.62,4.08,1.75,1,5.06,14.9
14.33,5.53,2.84,0,6.73,23.96
8.76,4.58,2.12,0,5.66,17.98
0.69,3.8,1.53,1,4.69,13.12
7.21,4.33,1.93,0,5.36,16.43
10.56,4.88,2.34,0,6.01,19.85
2.95,3.69,1.46,0,4.54,12.46
-0.24,3.26,1.13,0,3.92,9.77
14.01,5.48,2.79,0,6.66,23.6
3.88,3.83,1.56,0,4.72,13.29
1.39,3.9,1.61,1,4.82,13.75
5.19,4.02,1.7,0,4.97,14.49
10.27,5.34,2.69,1,6.52,22.77
1.88,3.54,1.34,0,4.34,11.53
9.02,4.62,2.15,0,5.71,18.24
8.63,4.56,2.1,0,5.64,17.85
12.66,5.24,2.61,0,6.41,22.1
3.72,3.8,1.54,0,4.69,13.14
6.81,4.75,2.25,1,5.86,19.06
5.76,4.58,2.12,1,5.66,17.98
9.75,5.25,2.62,1,6.42,22.2
4.14,3.86,1.58,0,4.77,13.52
-4.47,3.11,1.02,1,3.69,8.8
2.15,4.01,1.69,1,4.97,14.46
1.24,3.46,1.28,0,4.21,10.98
9.77,4.74,2.24,0,5.85,19.01
8.43,4.52,2.08,0,5.6,17.65
5.05,4.46,2.03,1,5.52,17.27
7.7,4.41,1.99,0,5.46,16.91
13.79,5.44,2.76,0,6.62,23.36
2.46,4.06,1.73,1,5.03,14.75
8.68,5.06,2.48,1,6.22,21.03
9.28,4.66,2.18,0,5.76,18.51
5.88,4.6,2.13,1,5.68,18.1
7.52,4.38,1.97,0,5.42,16.73
6.88,4.28,1.89,0,5.3,16.11
-0.63,3.61,1.39,1,4.43,11.95
3.16,4.17,1.81,1,5.16,15.41
6.16,4.64,2.17,1,5.74,18.39
4.27,4.34,1.94,1,5.37,16.49
-0.12,3.28,1.14,0,3.95,9.87
8.12,4.97,2.41,1,6.11,20.43
8.2,4.49,2.05,0,5.55,17.41
-3.04,3.29,1.15,1,3.97,9.93
5.9,4.13,1.78,0,5.11,15.17
8.81,4.58,2.12,0,5.67,18.02
8.99,5.12,2.52,1,6.28,21.37
10.29,4.83,2.31,0,5.95,19.56
-11.42,2.36,0.45,1,2.34,4.11
9.38,4.68,2.19,0,5.78,18.61
1.17,3.87,1.59,1,4.78,13.55
-4.52,3.1,1.01,1,3.68,8.76
9.3,5.17,2.57,1,6.34,21.71
13.86,5.45,2.77,0,6.64,23.44
-4.04,2.81,0.79,0,3.19,6.91
4.16,4.32,1.93,1,5.35,16.38
9.4,5.19,2.58,1,6.36,21.81
-0.78,3.19,1.08,0,3.82,9.34
9.14,4.64,2.16,0,5.73,18.37
6.91,4.77,2.26,1,5.88,19.16
10.21,4.82,2.3,0,5.94,19.47
7.01,4.78,2.27,1,5.9,19.26
-1.92,3.44,1.26,1,4.18,10.85
7.8,4.42,2,0,5.48,17.01
1.89,3.55,1.34,0,4.34,11.54
5.98,4.61,2.14,1,5.7,18.2
0.67,3.8,1.53,1,4.68,13.1
5.63,4.56,2.1,1,5.64,17.85
11.18,4.98,2.42,0,6.12,20.5
1.92,3.98,1.67,1,4.92,14.24
3.6,4.23,1.86,1,5.24,15.83
5.47,4.06,1.73,0,5.03,14.76
-5.31,2.67,0.68,0,2.94,6.04
2.63,4.09,1.75,1,5.06,14.91
8.35,4.51,2.07,0,5.58,17.57
13.55,5.4,2.73,0,6.58,23.09
16.13,5.87,3.09,0,7.07,26.05
14.14,5.5,2.81,0,6.69,23.75
5.52,4.54,2.09,1,5.61,17.73
9.27,4.66,2.18,0,5.76,18.5
5.51,4.54,2.09,1,5.61,17.72
8.11,4.47,2.04,0,5.54,17.32
5.51,4.07,1.74,0,5.04,14.79
0.37,3.34,1.19,0,4.04,10.26
11.07,5.49,2.8,1,6.68,23.68
12.2,5.16,2.55,0,6.32,21.6
4.35,4.35,1.95,1,5.39,16.57
6.47,4.21,1.85,0,5.22,15.71
7.51,4.38,1.97,0,5.42,16.72
6.97,4.77,2.27,1,5.89,19.22
-2.28,3.39,1.23,1,4.11,10.55
3.31,4.19,1.83,1,5.19,15.56
5.22,4.49,2.05,1,5.56,17.43
6.43,4.21,1.84,0,5.21,15.67
6.21,4.17,1.82,0,5.17,15.46
8.58,5.05,2.47,1,6.2,20.92
12.53,5.21,2.6,0,6.38,21.96
5.83,4.12,1.77,0,5.1,15.1
12.05,5.13,2.53,0,6.29,21.44
12.28,5.17,2.56,0,6.33,21.69
11.67,5.6,2.88,1,6.79,24.35
10.38,4.84,2.32,0,5.97,19.65
0.77,3.39,1.23,0,4.12,10.59
5.92,4.13,1.78,0,5.11,15.18
11.48,5.56,2.86,1,6.75,24.14
6.28,4.66,2.18,1,5.76,18.51
6.48,4.69,2.21,1,5.8,18.72
16.44,5.92,3.13,0,7.13,26.4
4.28,3.88,1.6,0,4.8,13.65
7.66,4.89,2.35,1,6.02,19.95
2.27,4.03,1.71,1,4.99,14.57
2.92,3.69,1.45,0,4.54,12.43
3.63,3.79,1.53,0,4.67,13.07
-5.91,2.93,0.89,1,3.41,7.72
9.23,5.16,2.56,1,6.32,21.63
0.65,3.79,1.53,1,4.68,13.08
8.55,5.04,2.47,1,6.19,20.89
0.31,3.74,1.49,1,4.61,12.77
-4.83,3.06,0.98,1,3.62,8.53
6.63,4.24,1.86,0,5.25,15.86
5.06,4.46,2.03,1,5.53,17.27
2.4,4.05,1.72,1,5.01,14.69
11.12,4.97,2.41,0,6.11,20.43
10.91,4.93,2.39,0,6.07,20.21
0.65,3.38,1.22,0,4.1,10.49
1.05,3.43,1.26,0,4.18,10.83
4.16,3.87,1.58,0,4.77,13.54
5.58,4.55,2.1,1,5.63,17.8
3.37,3.75,1.5,0,4.62,12.83
7.01,4.78,2.27,1,5.9,19.26
-3.72,3.2,1.09,1,3.83,9.39
-4.21,3.14,1.04,1,3.74,9
6.09,4.15,1.8,0,5.15,15.34
8.2,4.98,2.42,1,6.13,20.52
4.67,4.4,1.99,1,5.45,16.88
3.38,4.2,1.83,1,5.2,15.62
5.28,4.5,2.06,1,5.57,17.5
9.54,4.7,2.21,0,5.81,18.77
14.4,5.55,2.85,0,6.74,24.04
0.56,3.78,1.52,1,4.66,13
11.86,5.1,2.51,0,6.25,21.23
7.96,4.45,2.02,0,5.51,17.17
12.25,5.16,2.56,0,6.33,21.65
6.29,4.19,1.82,0,5.19,15.53
3.77,3.81,1.54,0,4.7,13.19
9.87,4.76,2.25,0,5.87,19.12
6.7,4.25,1.87,0,5.26,15.93
9.19,4.65,2.17,0,5.74,18.41
2.49,3.63,1.41,0,4.45,12.06
-1.13,3.54,1.34,1,4.33,11.52
10.42,4.85,2.32,0,5.98,19.7
10.85,5.45,2.77,1,6.64,23.43
13.12,5.86,3.08,1,7.07,26.03
1.45,3.91,1.62,1,4.83,13.8
0.18,3.32,1.17,0,4.01,10.11
4.08,4.31,1.92,1,5.34,16.3
7.46,4.37,1.96,0,5.41,16.68
8.32,5,2.44,1,6.15,20.65
0.6,3.37,1.21,0,4.09,10.45
14.37,5.54,2.84,0,6.73,24.01
3.99,3.84,1.57,0,4.74,13.39
8.61,5.05,2.47,1,6.21,20.96
8.45,4.53,2.08,0,5.6,17.67
8.22,4.99,2.43,1,6.13,20.54
9.05,5.13,2.53,1,6.29,21.44
5,4.45,2.03,1,5.51,17.21
9.87,4.76,2.25,0,5.87,19.11
6.77,4.26,1.88,0,5.28,16
1.69,3.52,1.32,0,4.3,11.36
12.69,5.24,2.62,0,6.41,22.13
2.15,4.01,1.69,1,4.97,14.46
-0.55,3.62,1.4,1,4.45,12.02
0.85,3.82,1.55,1,4.72,13.26
7.25,4.82,2.3,1,5.95,19.51
-1.59,3.48,1.3,1,4.25,11.13
6.35,4.2,1.83,0,5.2,15.6
2.86,4.12,1.78,1,5.1,15.13
2.79,4.11,1.77,1,5.09,15.06
8.78,4.58,2.12,0,5.66,17.99
0.99,3.42,1.25,0,4.16,10.77
11.76,5.08,2.49,0,6.24,21.12
9.59,4.71,2.22,0,5.82,18.82
6.96,4.77,2.27,1,5.89,19.22
4.07,4.31,1.92,1,5.34,16.29
5.65,4.09,1.75,0,5.06,14.93
2.01,3.56,1.36,0,4.36,11.64
3.25,4.18,1.82,1,5.18,15.5
10.21,5.33,2.68,1,6.51,22.71
11.8,5.09,2.5,0,6.24,21.17
3.92,3.83,1.56,0,4.73,13.33
6.08,4.63,2.16,1,5.72,18.3
-2.63,3.34,1.19,1,4.04,10.27
4.52,4.38,1.97,1,5.42,16.73
2.29,4.03,1.71,1,4.99,14.59
6.58,4.71,2.22,1,5.82,18.82
-2.04,3.42,1.25,1,4.16,10.75
-7.33,2.77,0.76,1,3.13,6.7
11.91,5.64,2.92,1,6.84,24.63
14.88,6.2,3.33,1,7.4,28.12
9.01,4.62,2.15,0,5.71,18.23
7.69,4.4,1.99,0,5.45,16.9
-2.18,3.4,1.24,1,4.13,10.64
7.43,4.36,1.96,0,5.41,16.65
-5.19,2.68,0.69,0,2.96,6.12
2.82,3.68,1.44,0,4.52,12.34
5.68,4.56,2.11,1,5.64,17.89
4.97,4.45,2.02,1,5.51,17.18
7.91,4.44,2.01,0,5.5,17.12
11.24,5.52,2.82,1,6.71,23.86
6.74,4.26,1.88,0,5.27,15.97
8.62,4.55,2.1,0,5.63,17.84
0.19,3.73,1.48,1,4.59,12.67
4.3,4.34,1.94,1,5.38,16.52
9.43,4.69,2.2,0,5.79,18.66
4.16,4.32,1.93,1,5.35,16.38
8.33,5,2.44,1,6.15,20.66
7.48,4.86,2.33,1,5.99,19.76
-3.96,2.81,0.8,0,3.2,6.96
7.64,4.89,2.35,1,6.02,19.93
-4.14,3.15,1.05,1,3.75,9.06
3.87,3.82,1.55,0,4.72,13.28
4.53,3.92,1.63,0,4.85,13.88
7.62,4.88,2.35,1,6.02,19.9
4.34,4.35,1.95,1,5.39,16.56
-12.27,2.28,0.4,1,2.17,3.63
5.02,3.99,1.68,0,4.94,14.33
7.47,4.37,1.96,0,5.41,16.69
14.05,5.48,2.8,0,6.67,23.65
8.6,5.05,2.47,1,6.21,20.95
13.48,5.38,2.72,0,6.56,23.01
1.01,3.43,1.26,0,4.17,10.8
3.85,3.82,1.55,0,4.72,13.26
15.71,5.79,3.03,0,6.99,25.55
6.85,4.76,2.25,1,5.87,19.1
10.46,5.38,2.72,1,6.56,22.99
9.49,4.7,2.21,0,5.8,18.72
2.43,4.06,1.73,1,5.02,14.72
6.06,4.15,1.8,0,5.14,15.32
6.03,4.62,2.15,1,5.71,18.25
0.64,3.79,1.53,1,4.67,13.07
10.96,4.94,2.39,0,6.08,20.26
6.19,4.65,2.17,1,5.74,18.41
3.67,4.25,1.87,1,5.26,15.91
-7.63,2.74,0.74,1,3.07,6.5
13.46,5.93,3.13,1,7.13,26.43
14.4,5.55,2.85,0,6.74,24.05
12.39,5.19,2.58,0,6.36,21.81
8.17,4.98,2.42,1,6.12,20.49
9.95,4.77,2.26,0,5.89,19.2
6.06,4.15,1.8,0,5.14,15.31
15.67,5.78,3.02,0,6.98,25.5
7.07,4.79,2.28,1,5.91,19.32
12.83,5.81,3.04,1,7.01,25.69
5.35,4.51,2.07,1,5.58,17.56
7.06,4.79,2.28,1,5.91,19.31
8.99,4.61,2.15,0,5.7,18.21
3.68,4.25,1.87,1,5.26,15.91
-0.22,3.67,1.44,1,4.51,12.31
13.93,6.02,3.2,1,7.22,26.98
9.6,4.71,2.22,0,5.82,18.84
11.86,5.63,2.91,1,6.83,24.57
1.88,3.54,1.34,0,4.33,11.52
15.6,5.77,3.01,0,6.97,25.42
11.43,5.02,2.45,0,6.17,20.76
6.26,4.18,1.82,0,5.18,15.5
3.29,3.74,1.49,0,4.61,12.76
11.64,5.06,2.48,0,6.21,20.99
8.21,4.49,2.05,0,5.55,17.42
6.23,4.18,1.82,0,5.17,15.48
3.51,3.77,1.52,0,4.65,12.96
4.23,3.88,1.59,0,4.79,13.61
-1.16,3.54,1.34,1,4.33,11.5
3.44,3.76,1.51,0,4.64,12.89
-3.33,3.25,1.12,1,3.91,9.7
14.85,5.63,2.91,0,6.83,24.56
6.27,4.18,1.82,0,5.18,15.52
-0.48,3.63,1.41,1,4.46,12.08
4.09,3.86,1.58,0,4.76,13.48
13.45,5.38,2.72,0,6.56,22.98
7.2,4.33,1.93,0,5.36,16.42
2.76,4.11,1.76,1,5.08,15.03
-1.5,3.1,1.01,0,3.68,8.78
7.65,4.89,2.35,1,6.02,19.94
0.15,3.31,1.17,0,4,10.09
3.58,3.78,1.52,0,4.66,13.02
9.62,4.72,2.22,0,5.82,18.86
16.31,6.48,3.54,1,7.68,29.87
0.07,3.71,1.47,1,4.57,12.56
12.58,5.22,2.6,0,6.39,22.02
11.74,5.08,2.49,0,6.23,21.1
9.82,5.26,2.63,1,6.44,22.28
7.05,4.3,1.91,0,5.33,16.27
5.45,4.06,1.73,0,5.02,14.74
3.1,4.16,1.8,1,5.15,15.35
10.87,4.93,2.38,0,6.07,20.17
9.88,5.28,2.64,1,6.45,22.35
-0.48,3.63,1.41,1,4.46,12.08
11.57,5.05,2.47,0,6.2,20.92
3.5,3.77,1.51,0,4.65,12.95
13.38,5.36,2.71,0,6.54,22.9
-2.84,3.32,1.17,1,4,10.1
-1.4,3.51,1.31,1,4.28,11.29
9.28,4.66,2.18,0,5.76,18.51
-1.38,3.12,1.02,0,3.71,8.87
0.4,3.76,1.5,1,4.63,12.86
5.83,4.12,1.77,0,5.1,15.1
10.73,4.9,2.36,0,6.04,20.02
11.06,4.96,2.4,0,6.1,20.37
14.12,5.5,2.81,0,6.69,23.73
3.77,3.81,1.54,0,4.7,13.19
15.8,5.81,3.04,0,7.01,25.66
-1.19,3.14,1.04,0,3.74,9.02
3.47,4.21,1.85,1,5.22,15.71
5.75,4.1,1.76,0,5.08,15.02
6.98,4.29,1.9,0,5.32,16.21
4.56,3.93,1.63,0,4.85,13.91
4.18,3.87,1.59,0,4.78,13.56
-1.45,3.11,1.02,0,3.69,8.81
4.35,4.35,1.95,1,5.39,16.56
-2.19,3.4,1.24,1,4.13,10.63
12.63,5.77,3.02,1,6.97,25.46
3.63,4.24,1.86,1,5.25,15.87
8.97,4.61,2.14,0,5.7,18.19
-2.53,3.36,1.2,1,4.06,10.35
9.63,5.23,2.61,1,6.4,22.07
-0.21,3.67,1.44,1,4.51,12.31
12.35,5.72,2.98,1,6.92,25.14
4.3,3.89,1.6,0,4.8,13.67
0.71,3.8,1.54,1,4.69,13.13
10.8,5.44,2.76,1,6.63,23.37
12.66,5.78,3.02,1,6.98,25.5
4.83,4.43,2.01,1,5.48,17.05
3.43,3.76,1.51,0,4.63,12.88
-4.09,3.16,1.05,1,3.76,9.1
2.12,3.58,1.37,0,4.38,11.74
13.96,5.47,2.79,0,6.66,23.55
2.63,3.65,1.42,0,4.48,12.18
6.6,4.23,1.86,0,5.25,15.84
-0.32,3.66,1.43,1,4.49,12.22
3.92,3.83,1.56,0,4.73,13.33
-1.64,3.47,1.29,1,4.23,11.08
3.6,4.23,1.86,1,5.24,15.83
10.17,4.81,2.29,0,5.93,19.43
14.24,5.52,2.82,0,6.71,23.86
-8.69,2.63,0.65,1,2.87,5.79
12.04,5.66,2.93,1,6.86,24.77
5.06,4,1.68,0,4.95,14.37
13.53,5.39,2.73,0,6.57,23.06
5.72,4.1,1.76,0,5.08,14.99
-0.69,3.6,1.39,1,4.42,11.9
2.61,3.65,1.42,0,4.48,12.16
5.88,4.12,1.78,0,5.11,15.14
12.33,5.72,2.97,1,6.92,25.12
7.14,4.8,2.29,1,5.93,19.4
7.36,4.35,1.95,0,5.39,16.57
-2.53,2.98,0.92,0,3.48,8
3.65,4.24,1.87,1,5.26,15.89
-2.29,3.01,0.94,0,3.53,8.18
5.94,4.13,1.78,0,5.12,15.21
10.63,5.41,2.74,1,6.59,23.18
-9.91,2.5,0.56,1,2.63,5.01
6.91,4.28,1.9,0,5.3,16.13
9.26,4.66,2.18,0,5.76,18.48
10.46,5.38,2.72,1,6.56,22.99
8.38,4.51,2.07,0,5.59,17.59
12.63,5.23,2.61,0,6.4,22.07
8.4,4.52,2.07,0,5.59,17.61
11.68,5.07,2.48,0,6.22,21.04
-0.97,3.17,1.06,0,3.79,9.19
6.1,4.63,2.16,1,5.72,18.32
3.77,4.26,1.88,1,5.28,16
9.05,4.62,2.15,0,5.72,18.28
7.63,4.89,2.35,1,6.02,19.92
1.07,3.85,1.58,1,4.76,13.46
17.42,6.11,3.27,0,7.32,27.57
8.33,4.51,2.06,0,5.58,17.54
14.08,5.49,2.8,0,6.68,23.69
14.44,5.55,2.85,0,6.75,24.09
1.9,3.98,1.67,1,4.92,14.23
4.29,3.89,1.6,0,4.8,13.66
9.27,5.17,2.56,1,6.33,21.67
1.27,3.88,1.6,1,4.8,13.65
4.25,4.34,1.94,1,5.37,16.47
-1.51,3.49,1.3,1,4.26,11.19
5.4,4.52,2.07,1,5.59,17.62
10.11,4.8,2.28,0,5.92,19.37
8.03,4.46,2.03,0,5.52,17.24
3.15,4.16,1.81,1,5.16,15.4
13.95,6.02,3.2,1,7.23,27
3,4.14,1.79,1,5.13,15.26
-3.5,2.87,0.83,0,3.29,7.29
9.99,5.29,2.66,1,6.47,22.47
4.96,4.45,2.02,1,5.51,17.17
10,4.78,2.27,0,5.9,19.26
5.58,4.55,2.09,1,5.62,17.79
2.52,3.63,1.41,0,4.46,12.08
15.1,5.68,2.94,0,6.87,24.85
1.08,3.85,1.58,1,4.76,13.47
9.29,5.17,2.56,1,6.34,21.69
15.91,5.83,3.05,0,7.03,25.79
6.12,4.16,1.8,0,5.15,15.37
10.49,4.86,2.33,0,5.99,19.76
6.78,4.26,1.88,0,5.28,16.01
4.84,3.97,1.66,0,4.91,14.17
7.11,4.8,2.28,1,5.92,19.37
-3.39,3.24,1.12,1,3.9,9.65
-5.15,3.02,0.95,1,3.55,8.28
6.12,4.63,2.16,1,5.73,18.34
2.67,4.09,1.75,1,5.07,14.94
11.64,5.06,2.48,0,6.21,21
-0.37,3.65,1.42,1,4.48,12.18
5.51,4.07,1.74,0,5.04,14.79
-5.4,3,0.93,1,3.51,8.09
5.37,4.51,2.07,1,5.58,17.58
14.05,6.04,3.22,1,7.25,27.13
7.84,4.92,2.38,1,6.06,20.14
-4.66,2.74,0.74,0,3.07,6.48
13.3,5.35,2.7,0,6.53,22.81
5.87,4.59,2.13,1,5.68,18.08
10.01,5.3,2.66,1,6.47,22.49
5.07,4.47,2.03,1,5.53,17.28
4.19,4.33,1.93,1,5.36,16.41
4.78,3.96,1.65,0,4.9,14.12
6.63,4.24,1.86,0,5.25,15.87
1.31,3.89,1.6,1,4.8,13.68
5.47,4.06,1.73,0,5.03,14.75
15.25,5.7,2.96,0,6.9,25.02
-1.24,3.53,1.33,1,4.31,11.43
4.33,3.89,1.6,0,4.81,13.7
10.82,5.44,2.77,1,6.63,23.39
1.39,3.9,1.61,1,4.82,13.76
9.25,5.16,2.56,1,6.33,21.65
1.74,3.53,1.33,0,4.31,11.41
13.86,5.45,2.77,0,6.64,23.44
10.69,5.42,2.75,1,6.6,23.24
3.08,4.15,1.8,1,5.15,15.34
-11.79,2.08,0.24,0,1.68,2.36
2.44,3.62,1.4,0,4.44,12.01
2.61,4.08,1.75,1,5.05,14.89
11.55,5.57,2.87,1,6.77,24.21
-2.68,3.34,1.19,1,4.03,10.22
4.04,4.3,1.91,1,5.33,16.26
7.48,4.37,1.96,0,5.41,16.7
10.95,4.94,2.39,0,6.08,20.26
5.97,4.14,1.79,0,5.12,15.23
2.17,3.58,1.37,0,4.39,11.78
9.69,4.73,2.23,0,5.84,18.93
10.05,4.79,2.28,0,5.91,19.31
2.06,3.57,1.36,0,4.37,11.69
-0.83,3.58,1.37,1,4.39,11.78
1.71,3.95,1.65,1,4.88,14.05
14.27,5.52,2.83,0,6.71,23.9
-0.86,3.18,1.07,0,3.8,9.27
5.03,4.46,2.03,1,5.52,17.24
7.98,4.95,2.39,1,6.09,20.28
11.85,5.63,2.91,1,6.83,24.56
1.66,3.94,1.64,1,4.87,14
7.72,4.41,1.99,0,5.46,16.93
10.32,4.83,2.31,0,5.96,19.59
1.18,3.87,1.59,1,4.78,13.56
3.23,4.18,1.82,1,5.17,15.48
6.3,4.19,1.83,0,5.19,15.55
3.59,4.23,1.86,1,5.24,15.83
15.22,5.7,2.96,0,6.9,24.98
13.66,5.41,2.75,0,6.6,23.21
8.21,4.99,2.42,1,6.13,20.54
5.68,4.09,1.75,0,5.07,14.96
8.97,4.61,2.14,0,5.7,18.19
10.46,4.86,2.33,0,5.99,19.73
6.94,4.77,2.26,1,5.89,19.19
9.39,4.68,2.19,0,5.78,18.62
4.55,4.38,1.97,1,5.43,16.76
4.35,4.35,1.95,1,5.39,16.56
0.12,3.72,1.47,1,4.57,12.61
8.27,4.5,2.06,0,5.57,17.48
11.38,5.01,2.44,0,6.16,20.71
0.51,3.77,1.51,1,4.65,12.96
-3.28,3.26,1.13,1,3.92,9.74
10.01,4.78,2.27,0,5.9,19.27
5.98,4.61,2.14,1,5.7,18.2
4.24,3.88,1.59,0,4.79,13.62
8.52,5.04,2.46,1,6.19,20.86
15.14,6.25,3.37,1,7.45,28.43
9.04,4.62,2.15,0,5.71,18.26
9.51,4.7,2.21,0,5.8,18.75
7.06,4.79,2.28,1,5.91,19.32
5.23,4.02,1.7,0,4.98,14.53
15.83,6.38,3.47,1,7.58,29.27
2.39,3.61,1.4,0,4.43,11.97
10.22,4.82,2.3,0,5.94,19.49
5.21,4.49,2.05,1,5.56,17.43
6.18,4.64,2.17,1,5.74,18.41
1.21,3.87,1.59,1,4.79,13.59
-0.37,3.65,1.42,1,4.48,12.18
1.28,3.46,1.28,0,4.22,11.02
-1.86,3.06,0.98,0,3.61,8.5
10.96,4.94,2.39,0,6.08,20.27
1.68,3.94,1.64,1,4.88,14.02
-1.65,3.09,1,0,3.65,8.67
5.89,4.12,1.78,0,5.11,15.15
12.92,5.28,2.65,0,6.46,22.38
9.97,4.78,2.27,0,5.89,19.22
15.47,5.74,2.99,0,6.94,25.28
6.6,4.23,1.86,0,5.24,15.83
5.34,4.04,1.72,0,5,14.63
11.05,4.96,2.4,0,6.1,20.36
7.27,4.34,1.94,0,5.37,16.49
2.81,4.11,1.77,1,5.09,15.08
-3.92,2.82,0.8,0,3.21,7
4.14,3.86,1.58,0,4.77,13.53
8.24,4.49,2.05,0,5.56,17.46
1.82,3.96,1.66,1,4.9,14.15
3.05,3.71,1.47,0,4.56,12.55
7.35,4.35,1.95,0,5.39,16.57
13.7,5.42,2.75,0,6.61,23.25
9.55,4.71,2.21,0,5.81,18.79
2.44,4.06,1.73,1,5.02,14.73
15.66,5.78,3.02,0,6.98,25.49
2.45,3.62,1.4,0,4.45,12.02
2.04,4,1.68,1,4.94,14.35
-5.9,2.6,0.64,0,2.83,5.65
12.39,5.19,2.58,0,6.36,21.8
12.38,5.73,2.98,1,6.93,25.16
15.38,6.3,3.41,1,7.5,28.72
9.07,5.13,2.53,1,6.29,21.45
6.31,4.67,2.18,1,5.77,18.54
7.9,4.44,2.01,0,5.49,17.11
#N¡NUM!,1.68,-0.06,1,#N¡NUM!,-0.14
5.08,4,1.69,0,4.95,14.39
12.59,5.22,2.6,0,6.39,22.03
-3.03,3.29,1.15,1,3.97,9.94
10.45,4.86,2.33,0,5.98,19.72
5.39,4.52,2.07,1,5.59,17.6
2.03,3.57,1.36,0,4.37,11.66
9.4,4.68,2.2,0,5.78,18.63
19.83,6.58,3.62,0,7.77,30.51
-3.98,2.81,0.79,0,3.2,6.95
1.1,3.86,1.58,1,4.76,13.48
1.54,3.5,1.31,0,4.27,11.24
-0.29,3.26,1.13,0,3.92,9.73
4.68,3.94,1.64,0,4.88,14.02
7.63,4.39,1.98,0,5.44,16.84
19.05,7.03,3.96,1,8.2,33.32
10.38,4.84,2.32,0,5.97,19.65
2.66,4.09,1.75,1,5.06,14.94
2.09,4,1.69,1,4.96,14.4
12.46,5.74,2.99,1,6.94,25.26
3.72,4.25,1.87,1,5.27,15.95
3.94,3.84,1.56,0,4.73,13.34
4.74,3.95,1.65,0,4.89,14.07
11.09,4.96,2.41,0,6.11,20.4
10.63,4.89,2.35,0,6.02,19.91
7.53,4.38,1.97,0,5.42,16.75
4.13,3.86,1.58,0,4.77,13.52
3.7,3.8,1.53,0,4.69,13.12
11.93,5.11,2.52,0,6.27,21.31
-3.54,3.22,1.1,1,3.87,9.53
-3.48,2.87,0.84,0,3.3,7.3
15.53,6.32,3.43,1,7.53,28.9
12.65,5.23,2.61,0,6.4,22.09
7.57,4.88,2.34,1,6.01,19.86
1.45,3.91,1.62,1,4.83,13.81
1.79,3.96,1.65,1,4.9,14.12
2.91,4.13,1.78,1,5.11,15.17
13.74,5.43,2.76,0,6.61,23.3
13.21,5.88,3.1,1,7.08,26.13
1.4,3.9,1.61,1,4.82,13.76
7.28,4.83,2.31,1,5.95,19.55
7.6,4.39,1.98,0,5.44,16.82
0.17,3.72,1.48,1,4.58,12.65
0.36,3.75,1.5,1,4.62,12.82
3.06,3.71,1.47,0,4.56,12.55
4.45,4.37,1.96,1,5.41,16.67
5.28,4.5,2.06,1,5.57,17.49
1.11,3.44,1.27,0,4.19,10.88
15.86,5.82,3.05,0,7.02,25.72
6.36,4.67,2.19,1,5.77,18.59
8.73,5.07,2.49,1,6.23,21.08
10.71,5.42,2.75,1,6.61,23.27
13.4,5.92,3.12,1,7.12,26.36
7.75,4.41,2,0,5.47,16.96
4.62,4.39,1.98,1,5.44,16.83
12.33,5.18,2.57,0,6.34,21.75
1.81,3.96,1.66,1,4.9,14.14
7.84,4.92,2.38,1,6.06,20.14
6.76,4.74,2.24,1,5.85,19
6.53,4.22,1.85,0,5.23,15.77
1.75,3.53,1.33,0,4.31,11.42
-6.01,2.92,0.88,1,3.39,7.65
5.69,4.57,2.11,1,5.65,17.91
1.26,3.88,1.6,1,4.79,13.63
11.36,5.01,2.44,0,6.16,20.69
9.94,4.77,2.26,0,5.89,19.19
7.92,4.94,2.39,1,6.07,20.22
4.83,3.97,1.66,0,4.91,14.16
9.98,4.78,2.27,0,5.89,19.23
-4.08,3.16,1.05,1,3.76,9.1
14.71,5.6,2.89,0,6.8,24.4
7.7,4.9,2.36,1,6.03,19.98
1,3.43,1.25,0,4.17,10.78
-0.89,3.58,1.37,1,4.38,11.73
8.26,4.49,2.06,0,5.56,17.47
-1.05,3.55,1.35,1,4.35,11.59
9.01,4.62,2.15,0,5.71,18.23
2.28,3.6,1.38,0,4.41,11.87
-2.19,3.02,0.95,0,3.55,8.26
3.26,3.74,1.49,0,4.6,12.73
2.43,4.06,1.73,1,5.02,14.72
4.62,4.39,1.98,1,5.44,16.84
9.73,5.25,2.62,1,6.42,22.18
1.19,3.87,1.59,1,4.78,13.57
18.3,6.28,3.4,0,7.48,28.63
4.88,3.97,1.66,0,4.91,14.21
2.37,4.05,1.72,1,5.01,14.66
3.66,4.24,1.87,1,5.26,15.9
-0.29,3.66,1.43,1,4.5,12.25
7.55,4.38,1.97,0,5.43,16.76
0.44,3.76,1.51,1,4.64,12.89
2.65,4.09,1.75,1,5.06,14.93
10.4,4.85,2.32,0,5.97,19.67
11.14,4.97,2.41,0,6.12,20.45
2.84,4.12,1.77,1,5.1,15.11
4.31,3.89,1.6,0,4.8,13.68
-1.63,3.48,1.29,1,4.24,11.1
6.12,4.16,1.81,0,5.15,15.38
10.64,5.41,2.74,1,6.59,23.19
7.76,4.42,2,0,5.47,16.97
7,4.78,2.27,1,5.9,19.25
0.64,3.79,1.53,1,4.67,13.07
7.8,4.92,2.37,1,6.05,20.1
0.12,3.72,1.47,1,4.58,12.61
15.68,6.35,3.45,1,7.55,29.09
13.71,5.98,3.17,1,7.18,26.73
6.25,4.66,2.18,1,5.75,18.47
-0.38,3.65,1.42,1,4.48,12.17
13.01,5.3,2.66,0,6.47,22.49
13.37,5.36,2.71,0,6.54,22.89
5.26,4.49,2.06,1,5.56,17.47
10.07,5.31,2.67,1,6.49,22.56
3.73,3.8,1.54,0,4.69,13.16
10.96,5.47,2.79,1,6.66,23.55
8.66,5.06,2.48,1,6.22,21.01
2.14,4.01,1.69,1,4.97,14.45
12.34,5.18,2.57,0,6.35,21.75
8.94,5.11,2.52,1,6.27,21.32
6.86,4.27,1.89,0,5.3,16.09
8.97,5.12,2.52,1,6.28,21.35
10.64,4.89,2.35,0,6.02,19.92
12.61,5.77,3.01,1,6.97,25.43
3.98,4.29,1.9,1,5.32,16.2
9.67,4.73,2.23,0,5.83,18.91
14.03,5.48,2.8,0,6.67,23.63
5.42,4.05,1.73,0,5.02,14.71
3.05,4.15,1.8,1,5.14,15.3
4.26,3.88,1.6,0,4.79,13.63
6.43,4.21,1.84,0,5.21,15.67
5.66,4.56,2.11,1,5.64,17.88
10.87,4.93,2.38,0,6.06,20.16
1.1,3.44,1.26,0,4.18,10.87
-2.26,3.01,0.94,0,3.54,8.2
5.9,4.6,2.13,1,5.69,18.12
13.59,5.95,3.15,1,7.16,26.58
0.73,3.39,1.23,0,4.11,10.56
1.54,3.92,1.63,1,4.85,13.89
4.42,4.36,1.96,1,5.4,16.64
-0.21,3.67,1.44,1,4.51,12.32
2,3.99,1.68,1,4.94,14.32
3.42,3.76,1.5,0,4.63,12.87
4.36,3.9,1.61,0,4.81,13.72
7.58,4.39,1.98,0,5.43,16.8
-6.19,2.57,0.62,0,2.77,5.47
3.89,3.83,1.56,0,4.72,13.3
6.32,4.19,1.83,0,5.19,15.57
5.56,4.07,1.74,0,5.04,14.84
2.27,3.6,1.38,0,4.41,11.86
4.69,4.4,1.99,1,5.45,16.9
1.79,3.96,1.65,1,4.9,14.12
3.01,4.14,1.79,1,5.13,15.27
9.04,4.62,2.15,0,5.71,18.26
6.85,4.27,1.89,0,5.29,16.08
11.4,5.55,2.85,1,6.74,24.05
5.04,4,1.68,0,4.95,14.36
10.81,4.92,2.37,0,6.05,20.1
11.68,5.07,2.48,0,6.22,21.04
9.75,5.25,2.62,1,6.43,22.21
5.08,4.47,2.03,1,5.53,17.29
11.38,5.01,2.45,0,6.16,20.72
1.38,3.9,1.61,1,4.82,13.75
5.23,4.49,2.05,1,5.56,17.44
7.35,4.84,2.31,1,5.97,19.62
-2.43,3.37,1.21,1,4.08,10.43
-2.12,3.41,1.24,1,4.14,10.69
3.79,4.26,1.88,1,5.28,16.02
2.44,3.62,1.4,0,4.44,12.01
-0.15,3.68,1.44,1,4.52,12.37
-11.77,2.33,0.43,1,2.27,3.91
9.94,4.77,2.26,0,5.89,19.19
6.03,4.15,1.79,0,5.14,15.28
2.34,4.04,1.72,1,5,14.63
4.69,4.4,1.99,1,5.45,16.9
14.08,5.49,2.8,0,6.68,23.69
4.07,3.85,1.58,0,4.76,13.46
8.83,5.09,2.5,1,6.25,21.2
0.28,3.33,1.18,0,4.03,10.19
16.75,5.98,3.17,0,7.19,26.77
9.18,4.65,2.17,0,5.74,18.41
6.68,4.73,2.23,1,5.84,18.92
6.58,4.71,2.22,1,5.82,18.82
17.22,6.07,3.24,0,7.28,27.33
8.95,4.61,2.14,0,5.7,18.17
6.74,4.74,2.24,1,5.85,18.99
15.03,5.66,2.93,0,6.86,24.77
7.07,4.79,2.28,1,5.91,19.32
2.13,3.58,1.37,0,4.38,11.74
8.42,5.02,2.45,1,6.17,20.75
-1.32,3.13,1.03,0,3.72,8.92
7.58,4.39,1.97,0,5.43,16.79
9.46,4.69,2.2,0,5.79,18.69
9.41,4.68,2.2,0,5.78,18.64
5.04,4.46,2.03,1,5.52,17.25
-3.21,3.27,1.14,1,3.93,9.8
6.23,4.65,2.17,1,5.75,18.45
0.41,3.76,1.5,1,4.63,12.86
12.86,5.27,2.64,0,6.45,22.32
16.48,6.51,3.57,1,7.71,30.08
10.45,4.86,2.33,0,5.98,19.73
6.92,4.28,1.9,0,5.31,16.15
3.93,4.28,1.9,1,5.31,16.15
1.76,3.53,1.33,0,4.31,11.43
11.04,4.96,2.4,0,6.1,20.35
11.95,5.11,2.52,0,6.27,21.33
4.37,3.9,1.61,0,4.82,13.73
7.81,4.42,2,0,5.48,17.02
-3.42,3.24,1.12,1,3.89,9.63
7.15,4.81,2.29,1,5.93,19.41
7.15,4.81,2.29,1,5.93,19.41
1.05,3.85,1.57,1,4.75,13.44
-0.57,3.62,1.4,1,4.44,12
7.05,4.3,1.91,0,5.33,16.27
9.01,4.62,2.15,0,5.71,18.23
3.21,3.73,1.48,0,4.59,12.69
7.51,4.38,1.97,0,5.42,16.73
-1.61,3.48,1.29,1,4.24,11.11
-3.57,3.22,1.1,1,3.86,9.5
-1.02,3.16,1.06,0,3.78,9.15
7.95,4.94,2.39,1,6.08,20.26
7.86,4.93,2.38,1,6.06,20.16
-1.31,3.13,1.03,0,3.72,8.93
6.45,4.21,1.84,0,5.22,15.69
6.69,4.25,1.87,0,5.26,15.92
11.22,5.51,2.82,1,6.7,23.84
2.32,3.61,1.39,0,4.42,11.91
8.11,4.47,2.04,0,5.54,17.32
7.61,4.88,2.35,1,6.01,19.89
13.65,5.96,3.16,1,7.17,26.66
15.23,5.7,2.96,0,6.9,25
6.28,4.66,2.18,1,5.76,18.51
14.93,5.64,2.92,0,6.84,24.65
2.28,3.6,1.38,0,4.41,11.87
14.92,5.64,2.92,0,6.84,24.64
15.67,5.78,3.02,0,6.98,25.51
4.87,3.97,1.66,0,4.91,14.2
1.32,3.47,1.29,0,4.23,11.05
10.13,4.8,2.29,0,5.92,19.39
7.72,4.9,2.36,1,6.04,20.01
2.17,3.58,1.37,0,4.39,11.77
6.52,4.22,1.85,0,5.23,15.76
-3.26,3.26,1.13,1,3.92,9.76
4.77,3.96,1.65,0,4.89,14.1
11.32,5.53,2.83,1,6.72,23.95
15.63,5.77,3.01,0,6.97,25.46
5.56,4.07,1.74,0,5.05,14.84
4.24,3.88,1.59,0,4.79,13.61
5,3.99,1.68,0,4.94,14.32
6.81,4.27,1.89,0,5.29,16.04
11.38,5.01,2.45,0,6.16,20.71
6.75,4.26,1.88,0,5.27,15.98
4.34,3.89,1.6,0,4.81,13.71
6.03,4.15,1.79,0,5.13,15.28
8.92,5.11,2.52,1,6.27,21.29
11.85,5.09,2.51,0,6.25,21.22
4.73,4.41,1.99,1,5.46,16.94
-12.51,2.26,0.38,1,2.12,3.51
4.86,3.97,1.66,0,4.91,14.18
11.16,4.98,2.42,0,6.12,20.48
9.78,4.74,2.24,0,5.86,19.02
10.6,4.88,2.35,0,6.01,19.88
9.98,4.78,2.27,0,5.89,19.24
9.45,4.69,2.2,0,5.79,18.68
-0.2,3.27,1.14,0,3.93,9.8
11.02,5.48,2.79,1,6.67,23.61
-4.02,3.16,1.06,1,3.77,9.15
11.29,5,2.43,0,6.14,20.61
2.87,4.12,1.78,1,5.1,15.13
6.29,4.19,1.82,0,5.19,15.54
6.23,4.65,2.18,1,5.75,18.46
5.16,4.02,1.7,0,4.97,14.47
8.43,4.52,2.08,0,5.6,17.64
16.15,5.87,3.09,0,7.07,26.06
7.26,4.34,1.94,0,5.37,16.48
7.88,4.93,2.38,1,6.07,20.18
1.01,3.84,1.57,1,4.75,13.4
6.4,4.2,1.84,0,5.21,15.64
7.53,4.38,1.97,0,5.42,16.75
4.81,4.42,2,1,5.48,17.02
3.81,3.82,1.55,0,4.71,13.23
4.73,3.95,1.65,0,4.89,14.07
-0.27,3.66,1.43,1,4.5,12.26
9.73,4.74,2.24,0,5.85,18.98
1.39,3.9,1.61,1,4.82,13.76
3.09,3.71,1.47,0,4.57,12.58
17,6.03,3.21,0,7.23,27.06
14.8,5.62,2.9,0,6.82,24.51
6.56,4.23,1.86,0,5.24,15.8
8.43,4.52,2.08,0,5.6,17.65
0.35,3.75,1.5,1,4.62,12.81
-0.38,3.65,1.42,1,4.48,12.17
7.55,4.38,1.97,0,5.43,16.76
8.22,4.49,2.05,0,5.56,17.43
20.61,6.74,3.74,0,7.92,31.48
3.6,4.23,1.86,1,5.25,15.84
1.33,3.89,1.6,1,4.81,13.7
8.37,4.51,2.07,0,5.59,17.59
7.72,4.41,1.99,0,5.46,16.93
10.6,4.88,2.35,0,6.01,19.88
7.73,4.9,2.36,1,6.04,20.02
8.13,4.47,2.04,0,5.54,17.34
8.4,4.52,2.07,0,5.59,17.61
17.18,6.65,3.67,1,7.84,30.94
1.5,3.92,1.62,1,4.84,13.85
6.95,4.77,2.26,1,5.89,19.2
0.33,3.75,1.5,1,4.61,12.79
11.4,5.02,2.45,0,6.17,20.73
13.09,5.31,2.67,0,6.49,22.57
7.99,4.95,2.39,1,6.09,20.29
2.45,4.06,1.73,1,5.02,14.73
5.66,4.09,1.75,0,5.06,14.94
5.84,4.12,1.77,0,5.1,15.1
7,4.78,2.27,1,5.9,19.26
8.35,4.51,2.07,0,5.58,17.56
0.01,3.7,1.46,1,4.55,12.51
7.82,4.92,2.37,1,6.05,20.11
4.95,4.45,2.02,1,5.5,17.16
13.81,5.44,2.77,0,6.63,23.38
-0.6,3.22,1.1,0,3.86,9.48
5.82,4.59,2.12,1,5.67,18.04
7.72,4.41,1.99,0,5.46,16.94
2.62,4.08,1.75,1,5.06,14.9
10.19,4.81,2.29,0,5.93,19.45
9.65,4.72,2.23,0,5.83,18.89
5.09,4,1.69,0,4.95,14.4
8.25,4.49,2.06,0,5.56,17.46
5.81,4.11,1.77,0,5.09,15.08
7.97,4.45,2.02,0,5.51,17.18
3.4,3.76,1.5,0,4.63,12.86
-2.26,3.39,1.23,1,4.12,10.57
4.83,4.43,2,1,5.48,17.04
5.9,4.6,2.13,1,5.69,18.12
4.13,3.86,1.58,0,4.77,13.52
9.56,4.71,2.22,0,5.81,18.8
8.86,4.59,2.13,0,5.68,18.08
-0.11,3.68,1.45,1,4.53,12.4
-2.45,3.37,1.21,1,4.08,10.41
12.13,5.14,2.54,0,6.3,21.52
0.09,3.31,1.16,0,3.99,10.04
13.62,5.96,3.15,1,7.16,26.62
8.5,5.04,2.46,1,6.19,20.85
9.05,5.13,2.53,1,6.29,21.44
2.98,3.7,1.46,0,4.55,12.48
6.94,4.77,2.26,1,5.89,19.19
10.44,5.38,2.72,1,6.56,22.97
2.39,4.05,1.72,1,5.01,14.68
16.25,5.89,3.1,0,7.09,26.18
-0.59,3.22,1.1,0,3.86,9.49
3.86,4.27,1.89,1,5.3,16.09
8.43,4.52,2.08,0,5.6,17.64
4.81,4.42,2,1,5.48,17.02
3.09,4.16,1.8,1,5.15,15.35
-1.39,3.12,1.02,0,3.7,8.86
1.92,3.98,1.67,1,4.92,14.25
8.53,5.04,2.47,1,6.19,20.88
-7.22,2.78,0.77,1,3.15,6.78
7.05,4.79,2.28,1,5.91,19.31
8.55,4.54,2.09,0,5.62,17.77
10.7,5.42,2.75,1,6.61,23.26
11.86,5.1,2.51,0,6.25,21.23
4.94,3.98,1.67,0,4.93,14.26
10.41,5.37,2.71,1,6.55,22.93
2.67,4.09,1.75,1,5.07,14.95
8.16,4.48,2.04,0,5.54,17.37
-5.87,2.61,0.64,0,2.83,5.67
7.35,4.84,2.31,1,5.97,19.62
13.55,5.39,2.73,0,6.58,23.09
0.46,3.35,1.2,0,4.06,10.34
0.63,3.38,1.22,0,4.09,10.48
14.45,6.12,3.27,1,7.32,27.6
10.69,5.42,2.75,1,6.6,23.25
-1.64,3.47,1.29,1,4.23,11.08
-1.77,3.07,0.99,0,3.63,8.57
8.32,4.51,2.06,0,5.58,17.53
4.56,4.38,1.97,1,5.43,16.77
-3.15,3.27,1.14,1,3.94,9.84
4.3,4.34,1.94,1,5.38,16.51
0.41,3.35,1.2,0,4.05,10.29
7.6,4.39,1.98,0,5.44,16.82
-1.39,3.12,1.02,0,3.7,8.86
8.89,5.1,2.51,1,6.26,21.26
5.7,4.57,2.11,1,5.65,17.91
8.69,4.57,2.11,0,5.65,17.91
-7.25,2.78,0.77,1,3.15,6.76
7.65,4.89,2.35,1,6.02,19.94
9.08,5.14,2.54,1,6.3,21.47
4.02,4.3,1.91,1,5.33,16.25
10.13,5.32,2.67,1,6.5,22.62
-2.06,3.42,1.25,1,4.15,10.74
17.47,6.71,3.72,1,7.9,31.31
7.86,4.43,2.01,0,5.49,17.07
13.22,5.88,3.1,1,7.09,26.14
4.85,4.43,2.01,1,5.49,17.06
-9.23,2.57,0.61,1,2.76,5.44
14.34,6.1,3.26,1,7.3,27.47
5.37,4.51,2.07,1,5.58,17.58
-2.43,3.37,1.21,1,4.08,10.43
3.21,3.73,1.48,0,4.59,12.69
8.14,4.97,2.41,1,6.12,20.45
7.42,4.85,2.32,1,5.98,19.7
9.11,5.14,2.54,1,6.3,21.5
5.15,4.48,2.04,1,5.54,17.36
16.37,5.91,3.12,0,7.11,26.32
1.71,3.95,1.65,1,4.88,14.04
13.28,5.35,2.69,0,6.53,22.79
11.37,5.01,2.44,0,6.16,20.7
10.59,4.88,2.35,0,6.01,19.88
3.17,4.17,1.81,1,5.16,15.42
4.11,3.86,1.58,0,4.77,13.5
5.98,4.61,2.14,1,5.7,18.21
8.17,4.98,2.42,1,6.12,20.49
10.55,5.39,2.73,1,6.58,23.08
4.92,3.98,1.67,0,4.92,14.24
4.4,3.9,1.61,0,4.82,13.76
9.59,4.71,2.22,0,5.82,18.82
10.19,4.81,2.29,0,5.93,19.45
1.82,3.96,1.66,1,4.9,14.15
12.11,5.14,2.54,0,6.3,21.51
3.12,3.72,1.47,0,4.57,12.61
10.15,5.32,2.68,1,6.5,22.64
11.92,5.11,2.52,0,6.27,21.29
3.92,4.28,1.9,1,5.31,16.15
7.1,4.8,2.28,1,5.92,19.36
11.32,5,2.44,0,6.15,20.65
12.17,5.15,2.55,0,6.31,21.57
11.93,5.11,2.52,0,6.27,21.31
10.48,4.86,2.33,0,5.99,19.75
-2.11,3.03,0.96,0,3.56,8.31
8.2,4.49,2.05,0,5.55,17.42
1.21,3.87,1.59,1,4.79,13.59
-0.64,3.21,1.09,0,3.85,9.45
9.43,4.69,2.2,0,5.79,18.66
10.02,4.78,2.27,0,5.9,19.27
4.03,4.3,1.91,1,5.33,16.25
8.99,4.61,2.14,0,5.7,18.21
9.33,5.18,2.57,1,6.34,21.74
6.27,4.18,1.82,0,5.18,15.52
6.61,4.24,1.86,0,5.25,15.85
3.54,4.22,1.85,1,5.23,15.77
1.78,3.96,1.65,1,4.89,14.11
5.69,4.09,1.76,0,5.07,14.96
7.88,4.93,2.38,1,6.07,20.18
2.53,4.07,1.74,1,5.04,14.81
-0.06,3.69,1.45,1,4.54,12.45
2.43,4.05,1.73,1,5.02,14.72
8.55,4.54,2.09,0,5.62,17.77
-1.96,3.43,1.26,1,4.17,10.82
6.98,4.29,1.9,0,5.32,16.2
8.89,5.1,2.51,1,6.26,21.26
5.96,4.14,1.79,0,5.12,15.22
-2.74,3.33,1.18,1,4.02,10.17
-2.04,3.42,1.25,1,4.16,10.75
